{
  "n_clusters": 10000,
  "seed": 1,
  "fast_mode": true,
  "runtime_seconds": 5.901133298873901,
  "metrics_r500": {
    "R_X_median": 1.328026991001063,
    "R_X_std": 0.5151472152966805,
    "R_V_median": 0.9279799221823753,
    "R_V_std": 0.5533800563173059,
    "K1_tolerance": 1.3667162917782307,
    "K2_tolerance_mass": 0.0568266262239602,
    "K2_tolerance_z": 0.11255875589051019,
    "slope_mass_X": 0.11892145581348887,
    "slope_z_X": 0.18718157991248197
  },
  "metrics_half_r500": {
    "R_X_median": 1.3288635502822639,
    "R_X_std": 0.5223816312242032,
    "R_V_median": 0.8173235956254336,
    "R_V_std": 0.5354492925930195,
    "K1_tolerance": 1.388263326567711
  }
}