{
  "n_clusters": 2000,
  "seed": 1,
  "fast_mode": false,
  "runtime_seconds": 8.891181707382202,
  "metrics_r500": {
    "R_X_median": 1.7287864618378515,
    "R_X_std": 2.0284197187768815,
    "R_V_median": 1.3131087574733247,
    "R_V_std": 1.8290817283381715,
    "K1_tolerance": 5.801775698987192,
    "K2_tolerance_mass": 0.5125065910827509,
    "K2_tolerance_z": 0.9877244252879673,
    "slope_mass_X": -1.6381446488315479,
    "slope_z_X": 0.2563239656137052
  },
  "metrics_half_r500": {
    "R_X_median": 1.7281005459825904,
    "R_X_std": 1.9231252680784896,
    "R_V_median": 1.3163739114595367,
    "R_V_std": 1.7731239943714872,
    "K1_tolerance": 5.21121925865362
  }
}