{
  "coherence_peak": 0.9999996704957365,
  "cross_corr_peak": 0.39958658352061,
  "non_gaussian": -1.266097772131586,
  "mardia_kurtosis": 17.0871027822523,
  "mardia_skewness": 3.664331693777397,
  "memory": 1.7869611112941022,
  "covariance": [
    [
      0.03054965743254954,
      0.01950873584302351,
      1.632902793487686e-05,
      -0.010309271651728742
    ],
    [
      0.01950873584302351,
      0.048337731391445496,
      0.004130419809493382,
      0.008895917576117896
    ],
    [
      1.632902793487686e-05,
      0.004130419809493382,
      0.014178457579662726,
      -9.205917529476779e-05
    ],
    [
      -0.010309271651728742,
      0.008895917576117896,
      -9.205917529476779e-05,
      0.03408155201821423
    ]
  ],
  "anomaly_score": 0.5562588699470494,
  "freqs": 11.0
}