{
  "alpha": 0.05,
  "n_null": 50,
  "coherence_mag_threshold": 0.9994210155601462,
  "anomaly_score_threshold": 1.2085295557731732,
  "seeds_used": [
    10000,
    10001,
    10002,
    10003,
    10004,
    10005,
    10006,
    10007,
    10008,
    10009,
    10010,
    10011,
    10012,
    10013,
    10014,
    10015,
    10016,
    10017,
    10018,
    10019,
    10020,
    10021,
    10022,
    10023,
    10024,
    10025,
    10026,
    10027,
    10028,
    10029,
    10030,
    10031,
    10032,
    10033,
    10034,
    10035,
    10036,
    10037,
    10038,
    10039,
    10040,
    10041,
    10042,
    10043,
    10044,
    10045,
    10046,
    10047,
    10048,
    10049
  ],
  "calibration_date": "2025-12-28T11:02:06.224399",
  "calibration_config": {
    "n_levels": 4,
    "duration": 10.0,
    "dt": 0.05
  }
}