{
  "alpha": 0.05,
  "n_calibration": 50,
  "thresholds": {
    "alpha": 0.05,
    "n_null": 50,
    "coherence_mag_threshold": 0.9994210155601462,
    "anomaly_score_threshold": 1.2085295557731732,
    "seeds_used": [
      10000,
      10001,
      10002,
      10003,
      10004,
      10005,
      10006,
      10007,
      10008,
      10009,
      10010,
      10011,
      10012,
      10013,
      10014,
      10015,
      10016,
      10017,
      10018,
      10019,
      10020,
      10021,
      10022,
      10023,
      10024,
      10025,
      10026,
      10027,
      10028,
      10029,
      10030,
      10031,
      10032,
      10033,
      10034,
      10035,
      10036,
      10037,
      10038,
      10039,
      10040,
      10041,
      10042,
      10043,
      10044,
      10045,
      10046,
      10047,
      10048,
      10049
    ]
  },
  "epsilon": [
    0.0,
    0.1,
    0.2,
    0.3,
    0.4,
    0.5
  ],
  "tau": [
    1.5,
    1.5,
    1.5,
    1.5,
    1.5,
    1.5
  ],
  "rho": [
    0.8,
    0.8,
    0.8,
    0.8,
    0.8,
    0.8
  ],
  "detection_prob": [
    0.0,
    0.0,
    0.0,
    0.0,
    0.0,
    0.0
  ],
  "mean_coherence_mag": [
    0.9938206366691813,
    0.9939341034368501,
    0.9940407815652919,
    0.9941408594231684,
    0.9942345223217747,
    0.994321952113895
  ],
  "mean_anomaly_score": [
    1.1004474566012479,
    1.0981820725168552,
    1.1000069884737407,
    1.1011734474427142,
    1.0992259941117657,
    1.0991845250307304
  ]
}