{
  "alpha": 0.05,
  "n_null": 30,
  "coherence_mag_threshold": 0.9999999996346607,
  "anomaly_score_threshold": 1.0409386283880682,
  "seeds_used": [
    10000,
    10001,
    10002,
    10003,
    10004,
    10005,
    10006,
    10007,
    10008,
    10009,
    10010,
    10011,
    10012,
    10013,
    10014,
    10015,
    10016,
    10017,
    10018,
    10019,
    10020,
    10021,
    10022,
    10023,
    10024,
    10025,
    10026,
    10027,
    10028,
    10029
  ],
  "calibration_date": "2025-12-28T10:44:31.673838",
  "calibration_config": {
    "n_levels": 4,
    "duration": 5.0,
    "dt": 0.05
  }
}