{
  "alpha": 0.05,
  "n_calibration": 30,
  "thresholds": {
    "alpha": 0.05,
    "n_null": 30,
    "coherence_mag_threshold": 0.9999999996346607,
    "anomaly_score_threshold": 1.0409386283880682,
    "seeds_used": [
      10000,
      10001,
      10002,
      10003,
      10004,
      10005,
      10006,
      10007,
      10008,
      10009,
      10010,
      10011,
      10012,
      10013,
      10014,
      10015,
      10016,
      10017,
      10018,
      10019,
      10020,
      10021,
      10022,
      10023,
      10024,
      10025,
      10026,
      10027,
      10028,
      10029
    ]
  },
  "epsilon": [
    0.0,
    0.1,
    0.2,
    0.3,
    0.4
  ],
  "tau": [
    1.0,
    1.0,
    1.0,
    1.0,
    1.0
  ],
  "rho": [
    0.7,
    0.7,
    0.7,
    0.7,
    0.7
  ],
  "detection_prob": [
    0.0,
    0.0,
    0.0,
    0.0,
    0.0
  ],
  "mean_coherence_mag": [
    0.9999999991903199,
    0.999999999176703,
    0.9999999991625543,
    0.9999999991478727,
    0.9999999991326624
  ],
  "mean_anomaly_score": [
    0.98079132568417,
    0.9897319015625442,
    0.9957719921608312,
    0.9872979072276902,
    0.9863210166405645
  ]
}