{
  "alpha": 0.05,
  "n_calibration": 50,
  "thresholds": {
    "alpha": 0.05,
    "n_null": 50,
    "coherence_mag_threshold": 0.9999999790640683,
    "anomaly_score_threshold": 2.7519423808268093,
    "seeds_used": [
      10000,
      10001,
      10002,
      10003,
      10004,
      10005,
      10006,
      10007,
      10008,
      10009,
      10010,
      10011,
      10012,
      10013,
      10014,
      10015,
      10016,
      10017,
      10018,
      10019,
      10020,
      10021,
      10022,
      10023,
      10024,
      10025,
      10026,
      10027,
      10028,
      10029,
      10030,
      10031,
      10032,
      10033,
      10034,
      10035,
      10036,
      10037,
      10038,
      10039,
      10040,
      10041,
      10042,
      10043,
      10044,
      10045,
      10046,
      10047,
      10048,
      10049
    ]
  },
  "epsilon": [
    0.0,
    0.05,
    0.1,
    0.15,
    0.2
  ],
  "tau": [
    1.0,
    1.0,
    1.0,
    1.0,
    1.0
  ],
  "rho": [
    0.6,
    0.6,
    0.6,
    0.6,
    0.6
  ],
  "detection_prob": [
    0.0,
    0.0,
    0.0,
    0.0,
    0.0
  ],
  "mean_coherence_mag": [
    0.9999998881630029,
    0.9999998882026405,
    0.9999998882421159,
    0.9999998882814296,
    0.9999998883205823
  ],
  "mean_anomaly_score": [
    0.9477810290034713,
    0.9447563290496553,
    0.9420528466251236,
    0.9396356574095795,
    0.9374759030251895
  ]
}