{
  "coherence_peak": 0.9966282136697969,
  "coherence_mag": 0.9983126833161026,
  "cross_corr_peak": 0.42021102750370476,
  "non_gaussian": -0.17810111635288806,
  "mardia_kurtosis": 22.869615812971443,
  "mardia_skewness": 0.5662587480534687,
  "memory": 2.7330333167824836,
  "covariance": [
    [
      0.135826439585723,
      0.010277032740240319,
      -0.015763427787876254,
      -0.034668522138101926
    ],
    [
      0.010277032740240319,
      0.14861441945126674,
      0.02501563582443355,
      -0.014133333755464706
    ],
    [
      -0.015763427787876254,
      0.02501563582443355,
      0.05811335371849736,
      0.009208340266243224
    ],
    [
      -0.034668522138101926,
      -0.014133333755464706,
      0.009208340266243224,
      0.05556238975943233
    ]
  ],
  "anomaly_score": 1.1378893917654502,
  "freqs": 65.0
}