{
  "coherence_peak": 0.9999999869577842,
  "coherence_mag": 0.9999999934788921,
  "cross_corr_peak": 0.4973910917061392,
  "non_gaussian": -0.257376023919897,
  "mardia_kurtosis": 20.803653205820712,
  "mardia_skewness": 4.389043763871962,
  "memory": 1.1496806182344854,
  "covariance": [
    [
      0.042823463777437204,
      0.0007325168818689924,
      -0.00880856956855791,
      0.0007572866669656944
    ],
    [
      0.0007325168818689924,
      0.02289681659576998,
      -0.0006897980560329875,
      -0.0023099776953748193
    ],
    [
      -0.00880856956855791,
      -0.0006897980560329875,
      0.048719179874612537,
      -0.0022073610732914043
    ],
    [
      0.0007572866669656944,
      -0.0023099776953748193,
      -0.0022073610732914043,
      0.025575415712129144
    ]
  ],
  "anomaly_score": 0.7230761453180932,
  "freqs": 16.0
}