{
  "coherence_peak": 0.9999999328549106,
  "cross_corr_peak": 0.5288915021028044,
  "non_gaussian": 0.6103421757264447,
  "mardia_kurtosis": 19.785855770569082,
  "mardia_skewness": 3.4457150957053,
  "memory": 2.3050935606839857,
  "covariance": [
    [
      0.039294770891486044,
      0.013879373933419743,
      0.007465696280232081,
      0.013935495250555771
    ],
    [
      0.013879373933419743,
      0.04147581064439704,
      0.015092267442116877,
      0.003546228901843685
    ],
    [
      0.007465696280232081,
      0.015092267442116877,
      0.06436842604857335,
      0.0006544496071968453
    ],
    [
      0.013935495250555771,
      0.003546228901843685,
      0.0006544496071968453,
      0.04560769557250339
    ]
  ],
  "anomaly_score": 1.2746306940650936,
  "freqs": 11.0
}