{
  "coherence_peak": 0.9999998808239485,
  "cross_corr_peak": 0.3189177150835746,
  "non_gaussian": -0.5958660295805525,
  "mardia_kurtosis": 19.064955231727613,
  "mardia_skewness": 2.7696034385590664,
  "memory": 0.9276219604442009,
  "covariance": [
    [
      0.05619920736481179,
      -0.0030668365850719985,
      0.004339361977425284,
      0.004154187273279607
    ],
    [
      -0.0030668365850719985,
      0.054230695527053445,
      0.0046374371108993465,
      -0.005953346584969446
    ],
    [
      0.004339361977425284,
      0.0046374371108993465,
      0.04100893218215282,
      0.0021247781494646728
    ],
    [
      0.004154187273279607,
      -0.005953346584969446,
      0.0021247781494646728,
      0.0622810782985273
    ]
  ],
  "anomaly_score": 0.4995267315886739,
  "freqs": 11.0
}