{
  "coherence_peak": 0.9999999133002837,
  "cross_corr_peak": 0.4270257783087383,
  "non_gaussian": -0.3018171372497993,
  "mardia_kurtosis": 17.570455768537137,
  "mardia_skewness": 1.948550450909625,
  "memory": 1.9188727215050538,
  "covariance": [
    [
      0.05575848810053372,
      -0.00371053365153786,
      0.005597902981064173,
      -0.0065773210637618046
    ],
    [
      -0.00371053365153786,
      0.05586825528795728,
      0.015334534501125775,
      0.006619183161909008
    ],
    [
      0.005597902981064173,
      0.015334534501125775,
      0.030275100669673677,
      0.0028250402394934715
    ],
    [
      -0.0065773210637618046,
      0.006619183161909008,
      0.0028250402394934715,
      0.027081552336390702
    ]
  ],
  "anomaly_score": 0.8851166405966899,
  "freqs": 11.0
}