{
  "coherence_peak": 0.9999999659403302,
  "cross_corr_peak": 0.5119223750087913,
  "non_gaussian": -0.6320854439197428,
  "mardia_kurtosis": 18.428359076514138,
  "mardia_skewness": 2.1998277526521632,
  "memory": 0.6674675496997993,
  "covariance": [
    [
      0.06317211281748507,
      0.0005017046632904582,
      0.009508240776228753,
      -0.0010655619947009237
    ],
    [
      0.0005017046632904582,
      0.05656431235054045,
      -0.009220931287266395,
      -0.010809031727868278
    ],
    [
      0.009508240776228753,
      -0.009220931287266395,
      0.05329070186559925,
      0.008575494907846603
    ],
    [
      -0.0010655619947009237,
      -0.010809031727868278,
      0.008575494907846603,
      0.01884509662448667
    ]
  ],
  "anomaly_score": 0.41061461811014904,
  "freqs": 11.0
}