{
  "coherence_peak": 0.9999997464631716,
  "cross_corr_peak": 0.3320748514480846,
  "non_gaussian": -0.699158021361366,
  "mardia_kurtosis": 17.388586471407137,
  "mardia_skewness": 2.107563101808931,
  "memory": 0.8543532329112342,
  "covariance": [
    [
      0.05180972541465524,
      -0.014483265979847747,
      0.001972393890366133,
      -0.015110844851217543
    ],
    [
      -0.014483265979847747,
      0.044077458479719,
      -0.006686694389104738,
      -0.0019985314110146143
    ],
    [
      0.001972393890366133,
      -0.006686694389104738,
      0.026928417907851616,
      0.006657438482819278
    ],
    [
      -0.015110844851217543,
      -0.0019985314110146143,
      0.006657438482819278,
      0.030150576084826543
    ]
  ],
  "anomaly_score": 0.4465584620502291,
  "freqs": 11.0
}